<Definition filename="resources.bmp" Transparent0="#00009c">
    <Tile name="roofUL" x="0" y="0" size="16" />
    <Tile name="roofU0" x="16" y="0" size="16" />
    <Tile name="roofU1" x="32" y="0" size="16" />
    <Tile name="roofU2" x="48" y="0" size="16" />
    <Tile name="roofU3" x="64" y="0" size="16" />
    <Tile name="roofUR" x="80" y="0" size="16" />
    <Tile name="roofL0" x="0" y="16" size="16" />
    <Tile name="wallUL" x="16" y="16" size="16" />
    <Tile name="wallU0" x="32" y="16" size="16" />
    <Tile name="wallU2" x="48" y="16" size="16" />
    <Tile name="wallUR" x="64" y="16" size="16" />
    <Tile name="roofR0" x="80" y="16" size="16" />
    <Tile name="roofL1" x="0" y="32" size="16" />
    <Tile name="wallL0" x="16" y="32" size="16" />
    <Tile name="floorUL" x="32" y="32" size="16" />
    <Tile name="floorUR" x="48" y="32" size="16" />
    <Tile name="wallR0" x="64" y="32" size="16" />
    <Tile name="roofR1" x="80" y="32" size="16" />
    <Tile name="roofL2" x="0" y="48" size="16" />
    <Tile name="wallL1" x="16" y="48" size="16" />
    <Tile name="floorLL" x="32" y="48" size="16" />
    <Tile name="floorLR" x="48" y="48" size="16" />
    <Tile name="wallR1" x="64" y="48" size="16" />
    <Tile name="roofR2" x="80" y="48" size="16" />
    <Tile name="roofL3" x="0" y="64" size="16" />
    <Tile name="wallLL" x="16" y="64" size="16" />
    <Tile name="wallLo0" x="32" y="64" size="16" />
    <Tile name="wallLo1" x="48" y="64" size="16" />
    <Tile name="wallLR" x="64" y="64" size="16" />
    <Tile name="roofR3" x="80" y="64" size="16" />
    <Tile name="roofLL" x="0" y="80" size="16" />
    <Tile name="roofLo0" x="16" y="80" size="16" />
    <Tile name="roofLo1" x="32" y="80" size="16" />
    <Tile name="roofLo2" x="48" y="80" size="16" />
    <Tile name="roofLo3" x="64" y="80" size="16" />
    <Tile name="roofLR" x="80" y="80" size="16" />
    <Sprite name="Player">
        <Action name="North">
            <Frame x="146" y="4" width="15" height="24" hotspotx="146" hotspoty="12" deltax="0" deltay="0" />
            <Frame x="170" y="4" width="15" height="24" hotspotx="170" hotspoty="12" deltax="0" deltay="0" />
            <Frame x="194" y="4" width="15" height="24" hotspotx="194" hotspoty="12" deltax="0" deltay="0" />
            <Frame x="170" y="4" width="15" height="24" hotspotx="170" hotspoty="12" deltax="0" deltay="0" />
        </Action>
        <Action name="East">
            <Frame x="146" y="36" width="15" height="24" hotspotx="146" hotspoty="44" deltax="0" deltay="0" />
            <Frame x="170" y="36" width="15" height="24" hotspotx="170" hotspoty="44" deltax="0" deltay="0" />
            <Frame x="194" y="36" width="15" height="24" hotspotx="194" hotspoty="44" deltax="0" deltay="0" />
            <Frame x="170" y="36" width="15" height="24" hotspotx="170" hotspoty="44" deltax="0" deltay="0" />
        </Action>
        <Action name="South">
            <Frame x="147" y="68" width="15" height="24" hotspotx="147" hotspoty="76" deltax="0" deltay="0" />
            <Frame x="171" y="68" width="15" height="24" hotspotx="171" hotspoty="76" deltax="0" deltay="0" />
            <Frame x="195" y="68" width="15" height="24" hotspotx="195" hotspoty="76" deltax="0" deltay="0" />
            <Frame x="171" y="68" width="15" height="24" hotspotx="171" hotspoty="76" deltax="0" deltay="0" />
        </Action>
        <Action name="West">
            <Frame x="146" y="100" width="15" height="24" hotspotx="146" hotspoty="108" deltax="0" deltay="0" />
            <Frame x="170" y="100" width="15" height="24" hotspotx="170" hotspoty="108" deltax="0" deltay="0" />
            <Frame x="195" y="100" width="15" height="24" hotspotx="195" hotspoty="108" deltax="0" deltay="0" />
            <Frame x="170" y="100" width="15" height="24" hotspotx="170" hotspoty="108" deltax="0" deltay="0" />
        </Action>
        <Action name="NONE" />
    </Sprite>
    <Sprite name="Wall">
        <Action name="NONE">
            <Frame x="96" y="0" width="16" height="16" hotspotx="96" hotspoty="0" deltax="0" deltay="0" />
        </Action>
    </Sprite>
    <Sprite name="Box">
        <Action name="NONE">
            <Frame x="113" y="0" width="12" height="12" hotspotx="113" hotspoty="0" deltax="0" deltay="0" />
        </Action>
    </Sprite>
    <Sprite name="Target">
        <Action name="NONE">
            <Frame x="128" y="0" width="14" height="14" hotspotx="128" hotspoty="0" deltax="0" deltay="0" />
        </Action>
    </Sprite>
    <Sprite name="Portrait">
        <Action name="NONE">
            <Frame x="99" y="20" width="39" height="40" hotspotx="99" hotspoty="20" deltax="0" deltay="0" />
        </Action>
    </Sprite>
</Definition>
